<TestResults>
	<TestComplete>
	True
	</TestComplete>
	<TestResult>
	Test completed
	</TestResult>
	<TestPass>
	True
	</TestPass>
	<TestDateTime>
	2018-02-16 23:10:04
	</TestDateTime>
	<TestDuration>
	00:21:10.7771076
	</TestDuration>
	<TestAccuracy>
	0
	</TestAccuracy>
	<TestReturnParameter1>
	Test Level_6B successfully completed
	</TestReturnParameter1>
	<TestReturnParameter2>
	
	</TestReturnParameter2>
	<TestReturnParameter3>
	null
	</TestReturnParameter3>
	<TestReturnParameter4>
	null
	</TestReturnParameter4>
	<TestReturnParameter5>
	null
	</TestReturnParameter5>
	<TestExecutionMachine>
	CHRISDESK
	</TestExecutionMachine>
	<TestDescription>
	<Test Name='DataStoreTest(Level_6B)' Type = 'C# .NOW'>
	<Description>
	Fill up entire flash with objects(int16), and read every nth object back (takes about an hour).
	</Description>
	<TestPath>
	DataStoreTest\Src\C#\Level_6B\Level_6B
	</TestPath>
	<TestProjName>
	Level_6B.csproj
	</TestProjName>
	<TesterName>
	Chris
	</TesterName>
	<TestLocation>
	CHRISDESK
	</TestLocation>
	<TestMFVersionNum>
	4.3
	</TestMFVersionNum>
	<TestGitOption>
	
	</TestGitOption>
	<TestGitRev>
	e75e342
	</TestGitRev>
	<TestGitBranch>
	master
	</TestGitBranch>
	<TestUsePrecompiledBinary>
	
	</TestUsePrecompiledBinary>
	<TestHardware>
	Emote.Now
	</TestHardware>
	<TestSolution>
	EmoteDotNow
	</TestSolution>
	<TestMemoryType>
	FLASH
	</TestMemoryType>
	<TestSolutionType>
	TinyCLR
	</TestSolutionType>
	<TestGCCVersion>
	GCC5.4
	</TestGCCVersion>
	<TestSupporting>
	
	</TestSupporting>
	<TestJTAGHarness>
	Olimex
	</TestJTAGHarness>
	<TestPowerAutomateSelected>
	False
	</TestPowerAutomateSelected>
	<TestBuild>
	Release
	</TestBuild>
	<TestTimeout>
	3000000
	</TestTimeout>
	<TestUseLogic>
	none
	</TestUseLogic>
	<TestSampleTimeMs>
	15000
	</TestSampleTimeMs>
	<TestSampleFrequency>
	4000000
	</TestSampleFrequency>
	<testUseScript>
	False
	</testUseScript>
	<testScriptName>
	DataStore.tst
	</testScriptName>
	<testScriptTimeoutMs>
	9000
	</testScriptTimeoutMs>
	<TestAnalysis>
	none
	</TestAnalysis>
	<TestAnalysisScriptName>
	none.exe
	</TestAnalysisScriptName>
	<TestUseResultsFile>
	False
	</TestUseResultsFile>
	<TestResultsFileName>
	testTemp\\test_results.txt
	</TestResultsFileName>
	<TestUseCOM>
	True
	</TestUseCOM>
	<TestForceCOM>
	
	</TestForceCOM>
	<TestCOMParameters>
	115200,N,8,1
	</TestCOMParameters>
	<TestDelay>
	0
	</TestDelay>
	<testDevicesToStart>
	1
	</testDevicesToStart>
</Test>

	</TestDescription>
</TestResults>

