<TestResults>
	<TestComplete>
	True
	</TestComplete>
	<TestResult>
	Test completed
	</TestResult>
	<TestPass>
	True
	</TestPass>
	<TestDateTime>
	2018-02-17 00:04:49
	</TestDateTime>
	<TestDuration>
	00:04:05.3792802
	</TestDuration>
	<TestAccuracy>
	0
	</TestAccuracy>
	<TestReturnParameter1>
	Success : Simple read write successful
	</TestReturnParameter1>
	<TestReturnParameter2>
	
	</TestReturnParameter2>
	<TestReturnParameter3>
	null
	</TestReturnParameter3>
	<TestReturnParameter4>
	null
	</TestReturnParameter4>
	<TestReturnParameter5>
	null
	</TestReturnParameter5>
	<TestExecutionMachine>
	CHRISDESK
	</TestExecutionMachine>
	<TestDescription>
	<Test Name='DataStoreTest(Native_Level_0C)' Type = 'Native .NOW'>
	<Description>
	Native DataStoreTest Tests - Multiple writes and reads to a single record (Create a single record and write 100 sequential UINT16 data types and read them back)
	</Description>
	<TestPath>
	DataStoreTest\Src\Native\Level_0C
	</TestPath>
	<TestProjName>
	DataStoreTest_Level_0C.proj
	</TestProjName>
	<TesterName>
	Chris
	</TesterName>
	<TestLocation>
	CHRISDESK
	</TestLocation>
	<TestMFVersionNum>
	4.3
	</TestMFVersionNum>
	<TestGitOption>
	
	</TestGitOption>
	<TestGitRev>
	e75e342
	</TestGitRev>
	<TestGitBranch>
	master
	</TestGitBranch>
	<TestUsePrecompiledBinary>
	
	</TestUsePrecompiledBinary>
	<TestHardware>
	Emote.Now
	</TestHardware>
	<TestSolution>
	EmoteDotNow
	</TestSolution>
	<TestMemoryType>
	FLASH
	</TestMemoryType>
	<TestSolutionType>
	TinyCLR
	</TestSolutionType>
	<TestGCCVersion>
	GCC5.4
	</TestGCCVersion>
	<TestSupporting>
	
	</TestSupporting>
	<TestJTAGHarness>
	Olimex
	</TestJTAGHarness>
	<TestPowerAutomateSelected>
	False
	</TestPowerAutomateSelected>
	<TestBuild>
	Release
	</TestBuild>
	<TestTimeout>
	60000
	</TestTimeout>
	<TestUseLogic>
	false
	</TestUseLogic>
	<TestSampleTimeMs>
	4000
	</TestSampleTimeMs>
	<TestSampleFrequency>
	4000000
	</TestSampleFrequency>
	<testUseScript>
	False
	</testUseScript>
	<testScriptName>
	NOR.tst
	</testScriptName>
	<testScriptTimeoutMs>
	9000
	</testScriptTimeoutMs>
	<TestAnalysis>
	none
	</TestAnalysis>
	<TestAnalysisScriptName>
	analyze.m
	</TestAnalysisScriptName>
	<TestUseResultsFile>
	False
	</TestUseResultsFile>
	<TestResultsFileName>
	results.txt
	</TestResultsFileName>
	<TestUseCOM>
	True
	</TestUseCOM>
	<TestForceCOM>
	
	</TestForceCOM>
	<TestCOMParameters>
	115200,N,8,1
	</TestCOMParameters>
	<TestDelay>
	0
	</TestDelay>
	<testDevicesToStart>
	1
	</testDevicesToStart>
</Test>

	</TestDescription>
</TestResults>

